{"cameraMode":{"drawMode":0,"name":"Shaded","section":"Shading Mode"},"sceneLighting":false,"audioPlay":false,"sceneViewState":{"m_AlwaysRefresh":false,"showFog":true,"showSkybox":false,"showFlares":true,"showImageEffects":true,"showParticleSystems":true,"showVisualEffectGraphs":true,"m_FxEnabled":true},"in2DMode":false,"pivot":{"x":-0.2689059376716614,"y":0.12250124663114548,"z":-0.08253515511751175},"rotation":{"x":0.009071934036910534,"y":0.9830524325370789,"z":-0.17615775763988496,"w":0.0508892759680748},"size":0.14686231315135957,"orthographic":false}