{"cameraMode":{"drawMode":0,"name":"Shaded","section":"Shading Mode"},"sceneLighting":false,"audioPlay":false,"sceneViewState":{"m_AlwaysRefresh":false,"showFog":true,"showSkybox":false,"showFlares":true,"showImageEffects":true,"showParticleSystems":true,"showVisualEffectGraphs":true,"m_FxEnabled":true},"in2DMode":false,"pivot":{"x":-0.3333938717842102,"y":-0.005849954206496477,"z":-0.39772075414657595},"rotation":{"x":0.007985785603523255,"y":0.9886406064033508,"z":-0.1391330361366272,"w":0.05712752044200897},"size":0.4368059039115906,"orthographic":false}