{"cameraMode":{"drawMode":0,"name":"Shaded","section":"Shading Mode"},"sceneLighting":false,"audioPlay":false,"sceneViewState":{"m_AlwaysRefresh":false,"showFog":true,"showSkybox":false,"showFlares":true,"showImageEffects":true,"showParticleSystems":true,"showVisualEffectGraphs":true,"m_FxEnabled":true},"in2DMode":false,"pivot":{"x":-0.2268351912498474,"y":0.06508699059486389,"z":-0.13697892427444459},"rotation":{"x":-0.015014898963272572,"y":0.9850015044212341,"z":-0.1280793845653534,"w":-0.11505582183599472},"size":0.259112685918808,"orthographic":false}