{"cameraMode":{"drawMode":0,"name":"Shaded","section":"Shading Mode"},"sceneLighting":false,"audioPlay":false,"sceneViewState":{"m_AlwaysRefresh":false,"showFog":true,"showSkybox":false,"showFlares":true,"showImageEffects":true,"showParticleSystems":true,"showVisualEffectGraphs":true,"m_FxEnabled":true},"in2DMode":false,"pivot":{"x":-8.385981559753418,"y":0.28202834725379946,"z":-9.229055404663086},"rotation":{"x":0.26030752062797549,"y":0.5913082957267761,"z":-0.20968413352966309,"w":0.7339417338371277},"size":0.48596808314323428,"orthographic":false}