{"cameraMode":{"drawMode":0,"name":"Shaded","section":"Shading Mode"},"sceneLighting":false,"audioPlay":false,"sceneViewState":{"m_AlwaysRefresh":false,"showFog":true,"showSkybox":false,"showFlares":true,"showImageEffects":true,"showParticleSystems":true,"showVisualEffectGraphs":true,"m_FxEnabled":true},"in2DMode":false,"pivot":{"x":-0.0857006087899208,"y":0.12250000238418579,"z":0.014999983832240105},"rotation":{"x":-0.08760590851306915,"y":0.6589915752410889,"z":-0.07762233167886734,"w":-0.7430515289306641},"size":0.15025262534618379,"orthographic":false}